日期,确诊总数,治愈总数,死亡人数,感染死亡率,感染治愈率,住院死亡率,住院治愈率
20200129,7738,125,170,0.021969501163091237,0.016154044972861204,0.576271186440678,0.423728813559322
20200130,9714,170,213,0.021927115503397158,0.017500514721021206,0.556135770234987,0.44386422976501305
20200131,11820,241,259,0.02191201353637902,0.02038917089678511,0.518,0.482
20200201,14408,330,304,0.02109938922820655,0.022903942254303165,0.4794952681388013,0.5205047318611987
20200202,17238,478,361,0.02094210465251189,0.027729434969253973,0.4302741358760429,0.5697258641239571
20200203,20468,643,425,0.020764119601328904,0.03141489153801055,0.397940074906367,0.6020599250936329
20200204,24363,891,491,0.020153511472314575,0.0365718507572959,0.3552821997105644,0.6447178002894356
20200205,28068,1146,564,0.020094057289439932,0.04082941427960667,0.3298245614035088,0.6701754385964912
20200206,31209,1530,637,0.020410778941971866,0.049024319907718925,0.2939547761882787,0.7060452238117213
20200207,34612,2042,723,0.020888709118224894,0.058996879694903505,0.26148282097649184,0.7385171790235081
20200208,37250,2649,812,0.021798657718120805,0.07111409395973155,0.2346142733314071,0.765385726668593
20200209,40222,3273,909,0.02259957237332803,0.08137337775346826,0.21736011477761835,0.7826398852223816
20200210,42707,3994,1017,0.023813426370384246,0.09352096845950313,0.2029535022949511,0.7970464977050489
20200211,44730,4738,1114,0.02490498546836575,0.1059244355019003,0.19036226930963773,0.8096377306903623
20200212,59878,5911,1367,0.022829753832793346,0.09871739203046194,0.18782632591371257,0.8121736740862875
20200213,63933,6993,1489,0.02329000672579106,0.1093801323260288,0.1755482197594907,0.8244517802405094
20200214,66574,8094,1524,0.022891819629284705,0.12157899480277586,0.1584529008109794,0.8415470991890206
20200215,68580,9415,1666,0.024292796733741615,0.13728492271799358,0.15034744156664562,0.8496525584333544
20200216,70632,10851,1772,0.02508777891040888,0.15362725110431533,0.14037867384932268,0.8596213261506773
20200217,72528,12557,1870,0.025783145819545553,0.17313313478932274,0.12961807721633048,0.8703819227836695
20200218,74277,14378,2006,0.027007014284367973,0.19357270756761852,0.1224365234375,0.8775634765625
20200219,74672,16153,2120,0.028390829226483824,0.2163193700449968,0.1160181688830515,0.8839818311169485
20200220,75567,18266,2239,0.029629335556525995,0.241719268993079,0.1091928797854182,0.8908071202145819
20200221,76392,20674,2348,0.0307362027437428,0.2706304325060216,0.10198940144209886,0.8980105985579011
20200222,77041,22908,2445,0.03173634817824275,0.29734816526265234,0.09643829132647024,0.9035617086735298
20200223,77262,24758,2595,0.03358701560922575,0.32044213196655535,0.0948707637187877,0.9051292362812123
20200224,77779,27354,2666,0.03427660422479075,0.3516887591766415,0.0888074616922052,0.9111925383077948
20200225,78190,29776,2718,0.03476147844992966,0.3808159611203479,0.08364621160829691,0.9163537883917031
20200226,78630,32532,2747,0.03493577514943406,0.41373521556657766,0.07786501884974063,0.9221349811502594
20200227,78959,36156,2791,0.03534745880773566,0.4579085348092048,0.07166148868975787,0.9283385113102421
20200228,79388,39035,2837,0.03573587947800675,0.49169899732957123,0.06775410775697363,0.9322458922430263
20200229,79968,41675,2873,0.03592687074829932,0.5211459583833533,0.06449223309688426,0.9355077669031158
20200301,80174,44519,2915,0.03635842043555267,0.5552797665078454,0.0614538095037315,0.9385461904962685
20200302,80302,47248,2947,0.0366989614206371,0.588378869766631,0.05871102699472059,0.9412889730052794
20200303,80422,49902,2984,0.037104274949640643,0.6205018527268658,0.0564232500094543,0.9435767499905457
20200304,80566,52097,3015,0.03742273415584738,0.6466375394086835,0.0547067789229206,0.9452932210770794
20200305,80711,53781,3045,0.03772719951431651,0.6663403996976868,0.05358462675535846,0.9464153732446415
20200306,80813,55465,3073,0.03802606016358754,0.6863375941989531,0.05249581468447846,0.9475041853155215
20200307,80859,57131,3100,0.03833834205221435,0.7065509096080832,0.051468512892032345,0.9485314871079676
20200308,80904,58672,3123,0.038601305250667454,0.7252051814496193,0.05053806942309248,0.9494619305769075
20200309,80924,59970,3140,0.03880183876229549,0.7410656912658791,0.04975439708445571,0.9502456029155443
20200310,80955,61555,3162,0.039058736335000926,0.7603606942128343,0.04885887788370907,0.951141122116291
20200311,80980,62874,3173,0.03918251420103729,0.7764139293652754,0.04804154617166563,0.9519584538283343
20200312,80991,64204,3180,0.039263621883913025,0.7927300564260227,0.04719221180102101,0.9528077881989789
20200313,81021,65649,3194,0.03942187827847101,0.8102714111156367,0.046395421466234765,0.9536045785337652
20200314,81048,67022,3204,0.03953212910867634,0.8269420590267496,0.04562412781590864,0.9543758721840914
20200315,81079,67863,3218,0.039689685368591125,0.8369984829610627,0.04527229498740873,0.9547277050125913
20200316,81116,68799,3231,0.03983184575176291,0.8481557275999803,0.04485630987088713,0.9551436901291128
20200317,81151,69725,3242,0.03995021626350877,0.8592007492205888,0.04443104417065249,0.9555689558293475
20200318,81237,70547,3250,0.04000640102416387,0.8684097147851348,0.04403973061235551,0.9559602693876444
20200319,81301,71284,3253,0.040011807972841665,0.8767911833802782,0.04364275460509546,0.9563572453949045
20200320,81416,71876,3261,0.04005355212734597,0.8828240149356392,0.04340072134900249,0.9565992786509975
20200321,81498,72382,3267,0.04008687329750423,0.8881444943434195,0.04318629459741702,0.956813705402583
20200322,81601,72841,3276,0.04014656683128883,0.8926483744071764,0.04303900574116163,0.9569609942588384
20200323,81747,73299,3283,0.040160495186367696,0.8966567580461668,0.04286908150740383,0.9571309184925961
20200324,81847,73791,3287,0.04016029909465222,0.9015724461495229,0.042645112742935726,0.9573548872570643
20200325,81961,74196,3293,0.04017764546552629,0.905259818694257,0.0424963543212585,0.9575036456787415
20200326,82079,74737,3298,0.04018080142301929,0.9105495924657951,0.04226308707631191,0.9577369129236881
20200327,82213,75122,3301,0.040151800810090864,0.9137484339459696,0.04209224334697729,0.9579077566530227
20200328,82341,75600,3306,0.040150107479870294,0.918133129303749,0.041897954528172764,0.9581020454718272
20200329,82447,75937,3311,0.04015913253362766,0.9210401833905418,0.04178023420149404,0.958219765798506
20200330,82547,76225,3314,0.04014682544489806,0.9234133281645608,0.04166509511057469,0.9583349048894253
20200331,82631,76415,3321,0.04019072745095666,0.9247739952318137,0.04164994481789907,0.9583500551821009
20200401,82724,76604,3327,0.04021807456119143,0.9260190513031284,0.04162340018265754,0.9583765998173425
20200402,82802,76786,3331,0.040228496896210234,0.9273447501268085,0.041576694084900834,0.9584233059150992
20200403,82875,76984,3335,0.04024132730015083,0.9289170437405732,0.04152193129894546,0.9584780687010546
20200404,82930,77210,3338,0.04025081393946702,0.9310261666465693,0.04144112827134131,0.9585588717286587
20200405,83005,77348,3340,0.04023853984699717,0.9318474790675261,0.04139401150109062,0.9586059884989094
20200406,83071,77450,3340,0.040206570283251676,0.9323349905502522,0.04134175021661097,0.958658249783389
20200407,83160,77586,3342,0.04018759018759019,0.932972582972583,0.04129596678529063,0.9587040332147093
20200408,83249,77711,3344,0.040168650674482574,0.9334766783985393,0.041255937326506696,0.9587440626734933
20200409,83305,77838,3345,0.0401536522417622,0.9343736870535982,0.041203207568086916,0.9587967924319131
20200410,83386,77935,3349,0.04016261722591322,0.9346293142733793,0.04120122041238128,0.9587987795876187
20200411,83482,78020,3349,0.04011643228480391,0.934572722263482,0.04115818063390234,0.9588418193660977
20200412,83597,78145,3351,0.04008517052047322,0.934782348648875,0.04111858250711691,0.9588814174928831
20200413,83696,78262,3351,0.04003775568724909,0.9350745555343146,0.04105963510715205,0.958940364892848
20200414,83745,78389,3352,0.04002627022508806,0.9360439429219655,0.041007572699135075,0.958992427300865
20200415,83797,78504,3352,0.04000143203217299,0.936835447569722,0.040949960906958564,0.9590500390930414
20200416,84149,77635,4642,0.055164054237127,0.922589692093786,0.05641916939120289,0.9435808306087972
20200417,84180,77744,4642,0.055143739605607034,0.9235447849845569,0.05634452455514286,0.9436554754448572
20200418,84201,77825,4642,0.05512998657973183,0.9242764337715704,0.056289182339602506,0.9437108176603974
20200419,84237,77895,4642,0.05510642591735223,0.9247124185334236,0.05624144323152041,0.9437585567684796
20200420,84250,77978,4642,0.05509792284866469,0.9255548961424332,0.05618494311304769,0.9438150568869523
20200421,84287,78042,4642,0.05507373616334666,0.9259079098793408,0.056141454211213776,0.9438585457887863
20200422,84302,78147,4642,0.055063936798652464,0.926988683542502,0.05607025087873993,0.94392974912126
20200423,84311,78236,4642,0.05505805885353038,0.9279453452099963,0.056010038852288904,0.943989961147711
20200424,84324,78362,4642,0.05504957070347707,0.9292965229353446,0.05592501566189581,0.9440749843381042
20200425,84338,78450,4642,0.05504043254523465,0.9301856814247433,0.05586578732007895,0.944134212679921
20200426,84341,78558,4643,0.05505033139279828,0.9314331108239172,0.055804617732959944,0.94419538226704
20200427,84347,78664,4643,0.05504641540303745,0.9326235669318411,0.055733611821335544,0.9442663881786645
20200428,84369,78729,4643,0.055032061539190935,0.9331508018347972,0.055690159765868635,0.9443098402341313
20200429,84373,78785,4643,0.05502945254998637,0.9337702819622391,0.05565277844368797,0.944347221556312
20200430,84385,78845,4643,0.05502162706642176,0.9343485216566926,0.05561278267535454,0.9443872173246455
20200501,84388,78905,4643,0.0550196710432763,0.9350263070578755,0.05557284435294681,0.9444271556470532
20200502,84393,78939,4643,0.05501641131373455,0.9353737869254559,0.05555023808954081,0.9444497619104592
20200503,84400,79016,4643,0.055011848341232225,0.9362085308056872,0.05549910948015157,0.9445008905198484
20200504,84404,79126,4643,0.05500924126818634,0.9374674186057533,0.055426231660876936,0.9445737683391231
20200505,84406,79204,4643,0.05500793782432529,0.9383693102386086,0.05537467053084785,0.9446253294691521
20200506,84409,79268,4643,0.055005982774348705,0.939094172422372,0.055332435556720815,0.9446675644432792
20200507,84415,79324,4643,0.05500207309127525,0.9396908132440916,0.05529553276882585,0.9447044672311742
20200508,84416,79401,4643,0.05500142153146323,0.9405918309325246,0.055244871733853694,0.9447551282661463
20200509,84430,79488,4643,0.054992301314698566,0.9414663034466422,0.05518774292472454,0.9448122570752755
20200510,84450,79533,4643,0.05497927767910006,0.9417761989342807,0.05515823987835013,0.9448417601216499
20200511,84451,79566,4644,0.054990467845259385,0.9421558063255616,0.055147844674029216,0.9448521553259708
20200512,84458,79594,4644,0.054985910156527505,0.9424092448317507,0.05512951399605879,0.9448704860039412
20200513,84464,79621,4644,0.05498200416745596,0.9426619624928964,0.05511184952234024,0.9448881504776597
20200514,84469,79644,4644,0.05497874960044513,0.9428784524500112,0.055096810933940775,0.9449031890660592
20200515,84478,79668,4644,0.05497289235067118,0.9430620990080257,0.055081127241673786,0.9449188727583262
20200516,84484,79682,4645,0.05498082477155438,0.9431608351877279,0.0550831880655069,0.9449168119344931
20200517,84494,79701,4645,0.05497431770303217,0.9432740786328023,0.05507077988286344,0.9449292201171365
20200518,84503,79708,4645,0.05496846265813048,0.9432564524336414,0.05506620985619954,0.9449337901438004
20200519,84505,79715,4645,0.054967161706407905,0.9433169634932844,0.05506164058795638,0.9449383594120436
20200520,84507,79722,4645,0.05496586081626374,0.9433774716887359,0.05505707207794517,0.9449429279220548
20200521,84520,79736,4645,0.05495740653099858,0.9433980123047799,0.055047937331863805,0.9449520626681361
20200522,84522,79740,4645,0.05495610610255318,0.9434230141264996,0.055045327961130534,0.9449546720388695
20200523,84525,79746,4645,0.05495415557527359,0.9434605146406388,0.055041414368830796,0.9449585856311692
20200524,84536,79757,4645,0.05494700482634617,0.9434678716759723,0.055034240894765524,0.9449657591052345
20200525,84543,79767,4645,0.05494245531859527,0.943508037330116,0.05502772117708383,0.9449722788229161
20200526,84544,79774,4645,0.05494180545041635,0.9435796744890235,0.055023158293749035,0.944976841706251
20200527,84547,79786,4645,0.05493985593811726,0.9436881261310277,0.05501533796828179,0.9449846620317182
20200528,84547,79791,4645,0.05493985593811726,0.9437472648349439,0.05501208015538396,0.944987919844616
20200529,84565,79802,4645,0.054928161769053394,0.9436764618932182,0.05500491432496122,0.9449950856750388
20200530,84570,79807,4645,0.054924914272200545,0.9436797918883765,0.055001657746412164,0.9449983422535878
20200531,84588,79812,4645,0.05491322646238237,0.943538090509292,0.05499840155345324,0.9450015984465467
20200601,84597,79824,4645,0.05490738442261546,0.9435795595588496,0.054990588263149794,0.9450094117368502
20200602,84602,79824,4645,0.054904139382047704,0.9435237937637408,0.054990588263149794,0.9450094117368502
20200603,84603,79831,4645,0.05490349041996147,0.9435953807784594,0.05498603153558407,0.9450139684644159
20200604,84614,79842,4645,0.05489635284941026,0.9436027134989482,0.0549788724892587,0.9450211275107413
20200605,84620,79848,4645,0.054892460411250295,0.9436067123611439,0.05497496834057259,0.9450250316594274
20200606,84629,79853,4645,0.054886622788878514,0.94356544446939,0.05497171530687117,0.9450282846931288
20200607,84634,79864,4645,0.05488338020181015,0.9436396719994329,0.05496455998769362,0.9450354400123063
20200608,84638,79875,4645,0.05488078640799641,0.9437250407618327,0.05495740653099858,0.9450425934690014
20200609,84640,79882,4645,0.05487948960302457,0.9437854442344046,0.054952855300673155,0.9450471446993268
20200610,84651,79887,4645,0.054872358271018655,0.9437218697948045,0.05494960488335778,0.9450503951166422
20200611,84658,79895,4645,0.05486782111554726,0.9437383354201612,0.05494440501537733,0.9450555949846227
20200612,84671,79903,4645,0.054859396959998113,0.9436879214843334,0.0549392061314283,0.9450607938685717
20200613,84729,79905,4645,0.05482184376069586,0.9430655383634883,0.05493790656416322,0.9450620934358368
20200614,84778,79913,4645,0.054790157823963764,0.942614829318927,0.05493270890986069,0.9450672910901393
20200615,84823,79922,4645,0.05476109074189783,0.9422208599082796,0.054926862724230495,0.9450731372757695
20200616,84867,79926,4645,0.05473269940023802,0.9417794902612323,0.05492426481890956,0.9450757351810904
20200617,84903,79944,4645,0.05470949200852738,0.9415921698879898,0.05491257728546265,0.9450874227145374
20200618,84940,79949,4645,0.05468566046621144,0.9412408759124088,0.05490933163108495,0.9450906683689151
20200619,84970,79963,4645,0.054666352830410735,0.9410733199952924,0.054900245839636916,0.9450997541603631
20200620,84997,79968,4646,0.05466075273244938,0.9408332058778545,0.054908171224620037,0.94509182877538
20200621,85018,79969,4646,0.054647251170340395,0.9406125761603426,0.05490752230691958,0.9450924776930805
20200622,85070,79982,4646,0.05461384741977195,0.9401904314094275,0.05489908777236848,0.9451009122276315
20200623,85098,79990,4647,0.05460762885144187,0.9399750875461232,0.054905065160627146,0.9450949348393729
20200624,85119,79997,4647,0.05459415641631128,0.9398254208813543,0.054900524549879495,0.9450994754501205
20200625,85148,80007,4648,0.05458730680697139,0.9396227744632875,0.054905203472919495,0.9450947965270805
20200626,85172,80015,4648,0.0545719250457897,0.9394519325599963,0.05490001535499569,0.9450999846450043
20200627,85190,80026,4648,0.05456039441248973,0.9393825566381031,0.054892883293572996,0.945107116706427
20200628,85204,80044,4648,0.05455142951035163,0.9394394629360124,0.054881216643838854,0.9451187833561612
20200629,85227,80054,4648,0.054536707850798456,0.9393032724371385,0.05487473731434913,0.9451252626856509
20200630,85232,80068,4648,0.054533508541392904,0.9394124272573682,0.0548656688228906,0.9451343311771094
20200701,85263,80087,4648,0.05451368119817506,0.9392937147414471,0.054853366377529945,0.9451466336224701
20200702,85278,80102,4648,0.05450409249747883,0.9393043926921363,0.05484365781710914,0.9451563421828909
20200703,85287,80117,4648,0.05449834089603339,0.9393811483578974,0.05483395269273875,0.9451660473072613
20200704,85306,80143,4648,0.05448620261177409,0.9394767073828335,0.05481713861140923,0.9451828613885908
20200705,85320,80157,4648,0.05447726207219878,0.9394866385372714,0.05480808914568717,0.9451919108543129
20200706,85345,80168,4648,0.05446130411857754,0.9393403245650008,0.05480098094699113,0.9451990190530088
20200707,85366,80192,4648,0.05444790666073144,0.9393903896164749,0.05478547854785479,0.9452145214521452
20200708,85399,80240,4648,0.05442686682513847,0.9395894565510134,0.05475450004712091,0.9452454999528791
20200709,85445,80268,4648,0.054397565685528705,0.9394113172216045,0.05473644542842338,0.9452635545715766
20200710,85487,80293,4648,0.05437084001076187,0.9392422239638776,0.054720335291555317,0.9452796647084447
20200711,85522,80314,4648,0.054348588667243514,0.9391033886017632,0.05470681010334032,0.9452931898966597
20200712,85568,80345,4648,0.05431937172774869,0.9389608264771877,0.054686856564658264,0.9453131434353418
20200713,85623,80376,4649,0.054296158742393984,0.9387197365193931,0.05467803587180241,0.9453219641281976
20200714,85677,80407,4649,0.054261937276048416,0.9384899097774199,0.054658107599699024,0.945341892400301
20200715,85697,80445,4651,0.054272611643348075,0.9387143073853227,0.054655918021998685,0.9453440819780013
20200716,85838,80490,4651,0.05418346187003425,0.9376965912532911,0.05462703045536228,0.9453729695446377
20200717,85857,80506,4652,0.05418311844112885,0.9376754370639552,0.054627868197937954,0.945372131802062
20200718,85937,80534,4653,0.054144315021469214,0.9371283614741032,0.05462101024804254,0.9453789897519574
20200719,86068,80579,4653,0.054061904540595805,0.9362248454710229,0.054592171954195606,0.9454078280458044
20200720,86152,80604,4653,0.05400919305413687,0.9356021914755316,0.05457616383405468,0.9454238361659453
20200721,86152,80604,4653,0.05400919305413687,0.9356021914755316,0.05457616383405468,0.9454238361659453
20200722,86361,80684,4655,0.05390164541864962,0.9342643091210153,0.054547158977724136,0.9454528410222759
20200723,86361,80684,4655,0.05390164541864962,0.9342643091210153,0.054547158977724136,0.9454528410222759
20200724,86660,80781,4657,0.05373874913454881,0.9321601661666282,0.05450736206371872,0.9454926379362812
20200725,86839,80849,4659,0.05365100933912182,0.9310217759301697,0.05448612995275296,0.9455138700472471
20200726,87028,80899,4659,0.05353449464540148,0.9295743898515421,0.05445428831903504,0.9455457116809649
20200727,87245,80906,4663,0.0534471889506562,0.9273425411198349,0.05449403405438886,0.9455059659456111
20200728,87457,80957,4664,0.053329064568873846,0.9256777616428645,0.054472617698929,0.945527382301071
20200729,87680,81034,4665,0.053204835766423354,0.9242016423357664,0.054434707522841574,0.9455652924771585
20200730,87956,81120,4666,0.05304925189867661,0.9222793214789213,0.05439115939663815,0.9456088406033618
20200731,88122,81227,4668,0.052972016068632125,0.9217562016295591,0.05434542173584027,0.9456545782641598
20200801,88301,81348,4672,0.05290993306984066,0.9212579698984157,0.05431295047663334,0.9456870495233667
20200802,88459,81459,4676,0.052860647305531375,0.9208672944527974,0.0542868752539618,0.9457131247460382
20200803,88574,81554,4679,0.05282588570009258,0.9207442364576512,0.054259970081059455,0.9457400299189406
20200804,88682,81675,4683,0.05280665749532036,0.9209873480525924,0.054227749600500245,0.9457722503994997
20200805,88682,81675,4683,0.05280665749532036,0.9209873480525924,0.054227749600500245,0.9457722503994997
20200806,88937,82033,4687,0.05270022600267605,0.9223720161462609,0.05404750922509225,0.9459524907749077
20200807,89057,82229,4688,0.0526404437607375,0.923330002133465,0.05393651414567921,0.9460634858543208
20200808,89149,82410,4688,0.05258611986673995,0.9244074526915613,0.05382442765620336,0.9461755723437967
20200809,89270,82566,4693,0.05257085247003473,0.9249019827489638,0.053782417859475816,0.9462175821405242
20200810,89383,82688,4696,0.052537954644619224,0.9250976136401776,0.053739815069120206,0.9462601849308798
20200811,89383,82688,4696,0.052537954644619224,0.9250976136401776,0.053739815069120206,0.9462601849308798
20200812,89526,83083,4704,0.052543395214797936,0.928032080066126,0.053584243680727214,0.9464157563192728
20200813,89625,83254,4707,0.05251882845188285,0.9289149232914923,0.05351235206511977,0.9464876479348803
20200814,89695,83406,4708,0.05248899046769608,0.9298846089525614,0.05343078284949043,0.9465692171505096
20200815,89761,83558,4710,0.05247267744343312,0.9308942636557079,0.0533602211446957,0.9466397788553043
20200816,89859,83647,4710,0.05241545087303442,0.9308694732859257,0.053306472605452876,0.9466935273945472
20200817,89926,83736,4710,0.05237639837199475,0.9311656250695016,0.053252832236618954,0.9467471677633811
20200818,89980,83858,4712,0.052367192709491,0.9319626583685263,0.0532008580783561,0.9467991419216439
20200819,89980,83858,4712,0.052367192709491,0.9319626583685263,0.0532008580783561,0.9467991419216439
20200820,90053,84120,4716,0.05236916038332982,0.9341165757942544,0.053086586518978796,0.9469134134810212
20200821,90103,84250,4716,0.05234009966371819,0.9350410086234643,0.05300901467976531,0.9469909853202347
20200822,90141,84371,4717,0.05232912880930986,0.9359891725186097,0.052947647270114945,0.9470523527298851
20200823,90182,84445,4718,0.05231642678139762,0.9363842008383048,0.052914325448896966,0.947085674551103
20200824,90205,84513,4718,0.05230308741200598,0.9368992849620309,0.05287400118792796,0.947125998812072
20200825,90239,84625,4719,0.05229446248296191,0.9377874311550438,0.05281832020057307,0.9471816797994269
20200826,90271,84713,4720,0.05228700247033931,0.9384298390402234,0.052776939161159754,0.9472230608388402
20200827,90301,84797,4722,0.05229177971451036,0.9390482940388257,0.05274857851405847,0.9472514214859415
20200828,90323,84881,4725,0.05231225712166336,0.9397495654484461,0.052730843916702005,0.947269156083298
20200829,90351,84946,4728,0.0523292492612146,0.940177751214707,0.052724312509757565,0.9472756874902424
20200830,90395,85031,4730,0.05232590298135959,0.9406604347585596,0.05269549136039037,0.9473045086396096
20200831,90402,85056,4730,0.052321851286475964,0.94086414017389,0.052680818835898695,0.9473191811641013
20200901,90422,85119,4731,0.05232133772754418,0.9413527681316494,0.052654424040066775,0.9473455759599332
20200902,90442,85166,4734,0.05234293801552376,0.941664271024524,0.052658509454949945,0.94734149054505
20200903,90475,85208,4735,0.05233489914340978,0.9417850234871511,0.05264445259775636,0.9473555474022436
20200904,90498,85253,4735,0.05232159826736502,0.9420429180755375,0.05261812686135929,0.9473818731386408
20200905,90517,85310,4735,0.05231061568545135,0.9424748942187655,0.05258481870176023,0.9474151812982398
20200906,90551,85346,4737,0.052313061147861425,0.9425185806893353,0.052584838426784186,0.9474151615732158
20200907,90573,85376,4739,0.05232243604606229,0.9426208693540017,0.052588359318648394,0.9474116406813516
20200908,90573,85376,4739,0.05232243604606229,0.9426208693540017,0.052588359318648394,0.9474116406813516
20200909,90595,85432,4740,0.052320768254318674,0.9430100998951377,0.0525662068047731,0.9474337931952269
20200910,90623,85480,4740,0.05230460258433289,0.9432484027233704,0.052538239858124586,0.9474617601418754
20200911,90643,85501,4740,0.05229306179186479,0.9432719570181922,0.05252601367449385,0.9474739863255062
20200912,90643,85501,4740,0.05229306179186479,0.9432719570181922,0.05252601367449385,0.9474739863255062
20200913,90695,85562,4741,0.05227410551849606,0.9434037157505927,0.0525010243292028,0.9474989756707972
20200914,90718,85578,4742,0.05227187548226372,0.9433409025772174,0.0525022143489814,0.9474977856510186
20200915,90734,85605,4743,0.05227367910595807,0.943472127317213,0.05249701155531943,0.9475029884446806
20200916,90734,85605,4743,0.05227367910595807,0.943472127317213,0.05249701155531943,0.9475029884446806
20200919,90840,85706,4744,0.05222369000440335,0.943483047115808,0.05244886677722499,0.9475511332227751
20200918,90840,85706,4744,0.05222369000440335,0.943483047115808,0.05244886677722499,0.9475511332227751
20200920,90876,85718,4744,0.052203001892688936,0.9432413398477045,0.05244190930998651,0.9475580906900135
20200920,90876,85718,4744,0.052203001892688936,0.9432413398477045,0.05244190930998651,0.9475580906900135
20200921,90890,85736,4744,0.05219496094179778,0.9432940917592695,0.0524314765694076,0.9475685234305924
20200922,90908,85754,4744,0.05218462621551458,0.943305319663836,0.05242104797896086,0.9475789520210391
20200923,90918,85784,4745,0.05218988539123166,0.9435315339096768,0.05241414353411614,0.9475858564658839
20200924,90933,85803,4745,0.0521812763243267,0.9435848371878196,0.05240314529310421,0.9475968547068958
20200925,90951,85823,4746,0.05218194412375895,0.9436179921056393,0.052402036016738616,0.9475979639832613
20200926,90966,85840,4746,0.05217333948947959,0.9436492755535035,0.05239220188550107,0.9476077981144989
20200927,90993,85861,4746,0.05215785829679206,0.943600057147253,0.05238005893584381,0.9476199410641561
20200928,91018,85880,4746,0.05214353204860577,0.9435496275461996,0.05236907730673317,0.9476309226932669
20200929,91041,85905,4746,0.05213035884930965,0.9435858569216068,0.052354634808220536,0.9476453651917794
20200930,91041,85905,4746,0.05213035884930965,0.9435858569216068,0.052354634808220536,0.9476453651917794
20201001,91082,85961,4746,0.05210689269010342,0.943775938165609,0.052322312500689035,0.9476776874993109
20201002,91101,85978,4746,0.05209602529061152,0.9437657105849552,0.052312508266831266,0.9476874917331687
20201003,91121,85995,4746,0.052084590818801374,0.9437451301017329,0.05230270770654941,0.9476972922934506
20201004,91146,86014,4746,0.05207030478572839,0.9436947315296338,0.05229175848391362,0.9477082415160863
20201005,91170,86026,4746,0.05205659756498848,0.9435779313370626,0.052284845547085006,0.947715154452915
20201006,91188,86046,4746,0.05204632188445848,0.9436110014475589,0.052273328046523924,0.947726671953476
20201007,91212,86078,4746,0.05203262728588343,0.9437135464631846,0.052254910596318156,0.9477450894036819
20201008,91252,86099,4746,0.052009818962872045,0.9435300048218122,0.05224283119599318,0.9477571688040068
20201009,91278,86128,4746,0.05199500427266154,0.9435789565941409,0.05222615929748883,0.9477738407025111
20201010,91305,86146,4746,0.05197962871693774,0.943497070259022,0.05221581657351582,0.9477841834264842
20201011,91333,86157,4746,0.051963693298150725,0.9433282603221179,0.052209498036368436,0.9477905019636316
20201012,91359,86179,4746,0.05194890486979936,0.9433006053043488,0.05219686554852901,0.947803134451471
20201013,91388,86196,4746,0.05193242001138005,0.9431872893596533,0.05218710826680741,0.9478128917331926
20201014,91399,86211,4746,0.051926169870567515,0.943237891005372,0.05217850192948316,0.9478214980705169
20201015,91436,86234,4746,0.05190515770593639,0.943107747495516,0.05216531105737525,0.9478346889426248
20201016,91460,86246,4746,0.051891537284058604,0.9429914716816095,0.052158431510462455,0.9478415684895375
20201017,91490,86282,4746,0.05187452180566182,0.9430757459831676,0.05213780375269148,0.9478621962473085
20201018,91507,86310,4746,0.05186488465363306,0.9432065306479286,0.05212177121771218,0.9478782287822878
20201019,91546,86333,4746,0.0518427894173421,0.9430559500142005,0.052108609009760755,0.9478913909902392
20201020,91574,86379,4746,0.051826937777098306,0.9432699237774914,0.052082304526748974,0.947917695473251
20201021,91588,86394,4746,0.05181901559156221,0.9432895139101193,0.05207373271889401,0.947926267281106
20201022,91621,86426,4746,0.051800351447812185,0.9432990253326202,0.052055455622340194,0.9479445443776598
20201023,91656,86447,4746,0.05178057083006023,0.9431679322684822,0.052043468248659436,0.9479565317513405
20201024,91678,86476,4746,0.05176814502934183,0.9432579244747922,0.052026923329898486,0.9479730766701016
20201025,91701,86504,4746,0.05175516079432067,0.9433266812793754,0.05201095890410959,0.9479890410958904
20201026,91725,86524,4746,0.05174161896974652,0.9432979013355137,0.051999561739892626,0.9480004382601074
20201027,91772,86533,4746,0.051715120080198754,0.9429128710282003,0.05199443464542775,0.9480055653545723
20201028,91821,86557,4746,0.051687522462181855,0.9426710665316214,0.05198076733513685,0.9480192326648631
20201029,91821,86557,4746,0.051687522462181855,0.9426710665316214,0.05198076733513685,0.9480192326648631
20201030,91893,86625,4746,0.051647024256472204,0.9426724560086187,0.051942082279935645,0.9480579177200643
20201031,91921,86650,4746,0.05163129208777102,0.9426572817963251,0.051927874305221236,0.9480721256947787
20201101,91955,86680,4746,0.05161220162035778,0.9426349845032896,0.05191083499223416,0.9480891650077659
20201102,92015,86708,4746,0.05157854697603652,0.9423246209857089,0.05189494171933431,0.9481050582806657
20201103,92045,86733,4746,0.0515617361073388,0.9422890977239394,0.05188075951857803,0.9481192404814219
20201104,92077,86762,4747,0.05155467706376185,0.9422765728683602,0.05187467899332306,0.9481253210066769
20201105,92121,86787,4748,0.05154090815340693,0.9420978929885694,0.0518708690664773,0.9481291309335227
20201106,92164,86824,4748,0.05151686124734169,0.9420598064320125,0.05184991045297689,0.9481500895470231
20201107,92164,86824,4748,0.05151686124734169,0.9420598064320125,0.05184991045297689,0.9481500895470231
20201108,92242,86893,4748,0.051473298497430674,0.9420112313262938,0.05181087068015408,0.9481891293198459
20201109,92271,86919,4748,0.05145712087221337,0.9419969437851546,0.05179617528663532,0.9482038247133647
20201110,92299,86949,4749,0.051452345095829854,0.9420362084096252,0.051789570110580385,0.9482104298894196
20201111,92336,86979,4749,0.05143172760353491,0.94198362502166,0.05177263212977499,0.948227367870225
20201112,92372,87020,4749,0.051411683194041484,0.9420603646126532,0.051749501465636547,0.9482504985343635
20201113,92372,87020,4749,0.051411683194041484,0.9420603646126532,0.051749501465636547,0.9482504985343635
20201114,92428,87078,4749,0.05138053403730471,0.942117107370061,0.0517168153157568,0.9482831846842432
20201115,92452,87108,4749,0.051367195950330985,0.9421970319733484,0.05169992488324243,0.9483000751167576
20201116,92452,87108,4749,0.051367195950330985,0.9421970319733484,0.05169992488324243,0.9483000751167576
20201117,92490,87206,4749,0.051346091469348036,0.9428694994053411,0.05164482627372084,0.9483551737262792
20201118,92513,87241,4749,0.05133332612713889,0.9430134143309589,0.05162517664963583,0.9483748233503642
20201119,92544,87272,4749,0.05131613070539419,0.9430325034578146,0.0516077851794699,0.94839221482053
20201120,92588,87297,4749,0.0512917440705059,0.9428543655765326,0.05159376833322469,0.9484062316667753
20201121,92648,87314,4749,0.051258526897504535,0.9424272515326828,0.0515842412261169,0.9484157587738831
20201122,92733,87339,4749,0.0512115428164731,0.9418330044320792,0.051570237164451395,0.9484297628355486
20201123,92829,87365,4749,0.05115858190867078,0.9411390836915188,0.051555681003973335,0.9484443189960267
20201124,92914,87392,4749,0.051111780786533785,0.9405686979357255,0.05154057368598127,0.9484594263140187
20201125,93025,87441,4749,0.051050792797635046,0.9399731255038968,0.05151317930361211,0.9484868206963879
20201126,93113,87457,4749,0.0510025452944272,0.9392566021930343,0.05150424050495629,0.9484957594950437
20201127,93225,87492,4749,0.05094127111826227,0.9385036202735317,0.051484697694083974,0.9485153023059161
20201128,93329,87524,4750,0.05089522013522056,0.9378006836031673,0.05147712248303964,0.9485228775169604
20201129,93465,87562,4750,0.05082116300219333,0.9368426683785375,0.051455932056504027,0.948544067943496
20201130,93577,87579,4750,0.05076033640745055,0.935903053100655,0.051446457775996705,0.9485535422240033
20201201,93668,87615,4750,0.050711021907161466,0.9353781440833583,0.05142640610620906,0.9485735938937909
20201202,93798,87671,4751,0.05065139981662722,0.9346787777991002,0.05140550951072256,0.9485944904892775
20201203,93905,87719,4752,0.050604334167509715,0.9341249134763857,0.05138908414529961,0.9486109158547004
20201204,94038,87773,4753,0.050543397350007443,0.9333779961292243,0.051369344832803754,0.9486306551671962
20201205,94038,87773,4753,0.050543397350007443,0.9333779961292243,0.051369344832803754,0.9486306551671962
20201206,94293,87904,4753,0.050406710996574504,0.9322431145472092,0.05129671800295714,0.9487032819970429
20201207,94383,87978,4753,0.050358645094985326,0.9321382028543276,0.05125578285578717,0.9487442171442129
20201208,94500,88065,4753,0.0502962962962963,0.9319047619047619,0.0512077398780409,0.948792260121959
20201209,94618,88167,4755,0.05025470840643429,0.9318205838212602,0.05117195066830245,0.9488280493316975
20201210,94749,88297,4755,0.05018522622930057,0.9319042945044275,0.05110045995787302,0.948899540042127
20201211,94849,88410,4755,0.05013231557528282,0.9321131482672458,0.05103848011592336,0.9489615198840766
20201212,94950,88545,4756,0.050089520800421276,0.9325434439178515,0.05097480198497337,0.9490251980150266
20201213,95064,88646,4758,0.05005049229992426,0.9324875873096019,0.050940002569483105,0.9490599974305169
20201214,95167,88728,4761,0.0500278457868799,0.9323399918038816,0.050925777364181884,0.9490742226358181
20201215,95279,88822,4764,0.050000524774609305,0.9322306069543131,0.050905049900626165,0.9490949500993738
20201216,95375,88938,4764,0.049950196592398424,0.9325085190039318,0.050842031119933406,0.9491579688800666
20201217,95491,89045,4766,0.049910462766124555,0.932496256191683,0.050804276683970966,0.9491957233160291
20201218,95582,89157,4770,0.04990479378962566,0.932780230587349,0.050784119582228754,0.9492158804177713
20201219,95716,89291,4770,0.049834928329641856,0.9328743365790464,0.050711772147861496,0.9492882278521385
20201220,95816,89408,4771,0.0497933539283627,0.9331218168155632,0.050658851761008296,0.9493411482389917
20201221,95916,89488,4772,0.049751866216272575,0.9329830268151299,0.05062592828347125,0.9493740717165288
20201222,95998,89593,4773,0.04971978582887143,0.9332798599970833,0.05057965792764343,0.9494203420723566
20201223,96074,89739,4774,0.049690863292878404,0.9340612444573975,0.050511569836953644,0.9494884301630464
20201224,96159,89839,4776,0.049667737809253425,0.9342755228319762,0.050478253976642184,0.9495217460233578
20201225,96240,89970,4777,0.049636325852036575,0.934850374064838,0.05041848290711051,0.9495815170928895
20201226,96324,90070,4777,0.049593040156139696,0.9350732942984096,0.050365325207966515,0.9496346747920335
20201227,96417,90171,4778,0.049555576298785486,0.9352188929338188,0.05032175167721619,0.9496782483227838
20201228,96513,90240,4782,0.04954772932143856,0.9350035746479749,0.05032518785123445,0.9496748121487656
20201229,96592,90358,4784,0.04952791121417923,0.9354604936226603,0.05028273527989742,0.9497172647201025
20201230,96673,90479,4788,0.04952778955861512,0.935928335729728,0.05025874647044622,0.9497412535295537
20201231,96762,90594,4789,0.049492569397077364,0.9362559682519997,0.0502081083631255,0.9497918916368745
20210101,96825,90713,4789,0.04946036664084689,0.9368758068680609,0.050145546690121674,0.9498544533098783
20210102,96894,90785,4791,0.04944578611678742,0.936951720436766,0.0501276471080606,0.9498723528919394
20210103,96972,90848,4791,0.049406014107164956,0.9368477498659407,0.05009462666903669,0.9499053733309634
20210104,97061,90909,4794,0.049391619703073326,0.9366171788875037,0.050092473590169585,0.9499075264098304
20210105,97127,91003,4794,0.04935805697694771,0.9369485313043747,0.05004332077204923,0.9499566792279508
20210106,97217,91100,4795,0.04932264933087834,0.9370789059526626,0.050002607018092705,0.9499973929819073
20210107,97306,91186,4795,0.049277536842537974,0.9371056255523812,0.049957804148737774,0.9500421958512623
20210108,97387,91257,4796,0.049246819390678424,0.9370552537813055,0.049930767388837415,0.9500692326111626
20210109,97518,91350,4798,0.04920117311675793,0.9367501384359811,0.049902234055830594,0.9500977659441694
20210110,97652,91417,4799,0.049143898742473276,0.9361508212837423,0.049877359274964665,0.9501226407250354
20210111,97754,91498,4800,0.04910285001125274,0.9360026188186673,0.04984527196826518,0.9501547280317348
20210112,97933,91588,4800,0.04901310079339957,0.935210807388725,0.049798730132381626,0.9502012698676183
20210113,98117,91684,4803,0.04895176167228921,0.9344354189386141,0.049778726667841264,0.9502212733321588
20210114,98288,91757,4803,0.0488665961256715,0.9335524173856422,0.04974109362054681,0.9502589063794532
20210115,98459,91841,4803,0.04878172640388385,0.9327842045927747,0.04969786018790613,0.9503021398120939
20210116,98626,91909,4804,0.04870926530529475,0.9318942266745077,0.049672743064531136,0.9503272569354688
20210117,98794,91960,4804,0.04862643480373302,0.9308257586493107,0.049646562771278574,0.9503534372287215
20210118,99026,92019,4805,0.04852261022357764,0.9292408054450346,0.0496261257539453,0.9503738742460547
20210119,99191,92088,4807,0.048462058049621434,0.9283906806061034,0.04961040301357139,0.9503895969864286
20210120,99414,92148,4808,0.04836340958013962,0.9269117025771019,0.0495895045175131,0.9504104954824869
20210121,99589,92216,4809,0.04828846559358965,0.9259657191055237,0.04956454522030405,0.9504354547796959
20210122,99767,92303,4810,0.04821233473994407,0.9251856826405525,0.04952992905172325,0.9504700709482767
20210123,99931,92392,4810,0.04813321191622219,0.9245579449820376,0.04948457850661509,0.9505154214933849
20210124,100136,92496,4811,0.048044659263401776,0.9237037628824798,0.04944145847677968,0.9505585415232203
20210125,100291,92562,4814,0.04800031907150193,0.9229342612996181,0.04943723299375616,0.9505627670062439
20210126,100431,92717,4816,0.04795332118568968,0.9231910465892006,0.049378159187146914,0.9506218408128531
20210127,100548,92879,4818,0.04791741257906672,0.9237279707204519,0.04931574152737546,0.9506842584726245
20210128,100641,93032,4820,0.04789300583261295,0.9243946304190142,0.04925806319748191,0.9507419368025181
20210129,100747,93240,4821,0.047852541514883815,0.9254866149860542,0.04916327592009056,0.9508367240799095
20210130,100932,93513,4825,0.047804462410335674,0.9264950659850196,0.04906546807948097,0.950934531920519
20210131,100974,93608,4825,0.04778457820825163,0.9270505278586567,0.04901811384393445,0.9509818861560655
20210201,101039,93726,4826,0.047763734795475014,0.9276220073436989,0.04896907216494845,0.9510309278350515
20210202,101092,93893,4828,0.04775847742650259,0.9287876389823131,0.04890550136242542,0.9510944986375746
20210203,101143,94114,4829,0.047744282847058124,0.9305043354458539,0.04880587813185369,0.9511941218681463
20210204,101187,94298,4831,0.04774328718115964,0.9319181317758211,0.048734477297259125,0.9512655227027409
20210205,101241,94447,4831,0.04771782183107634,0.9328928003476852,0.048661334837526944,0.951338665162473
20210206,101272,94595,4831,0.04770321510387866,0.9340686468125444,0.048588900287651116,0.9514110997123488
20210207,101316,94727,4831,0.04768249832208141,0.9349658494216115,0.04852447819361578,0.9514755218063842
20210208,101363,94837,4831,0.047660388899302505,0.935617533024871,0.04847092346590681,0.9515290765340932
20210209,101408,94999,4833,0.04765896181760808,0.9367998579993689,0.04841133103614072,0.9515886689638593
20210210,101429,95141,4834,0.04765895355371738,0.9380058957497363,0.0483520880220055,0.9516479119779945
20210211,101463,95272,4836,0.04766269477543538,0.9389826833426963,0.04830782754625005,0.9516921724537499
20210212,101496,95395,4837,0.04765705052415859,0.9398892567194767,0.04825804134408173,0.9517419586559183
20210213,101515,95500,4838,0.04765798157907698,0.9407476727577205,0.04821702645059698,0.951782973549403
20210214,101536,95587,4838,0.04764812480302553,0.9414099432713521,0.04817525516554643,0.9518247448344536
20210215,101561,95655,4838,0.047636395860615785,0.9418477565207117,0.04814265670245689,0.9518573432975431
20210216,101576,95734,4840,0.04764905095691896,0.9424864141135701,0.04812376956271004,0.95187623043729
20210217,101604,95839,4842,0.047655604110074405,0.9432601078697689,0.04809249014213208,0.9519075098578679
20210218,101624,95928,4842,0.04764622530110997,0.9439502479729198,0.048050014885382554,0.9519499851146175
20210219,101646,95997,4842,0.04763591287409244,0.9444247683135588,0.04801713622705501,0.9519828637729449
20210220,101669,96072,4842,0.04762513647227769,0.9449488044536682,0.04798144955110292,0.952018550448897
20210221,101700,96132,4842,0.04761061946902655,0.9452507374631268,0.04795293838017708,0.9520470616198229
20210222,101726,96178,4842,0.04759845074022374,0.9454613373178932,0.04793110275193031,0.9520688972480696
20210223,101749,96220,4842,0.04758769127952117,0.945660399610807,0.04791118323405434,0.9520888167659457
20210224,101778,96356,4843,0.04758395724026804,0.9467271905519857,0.04785620411268886,0.9521437958873111
20210225,101802,96419,4843,0.04757273923891476,0.9471228463095027,0.0478264304477494,0.9521735695522506
20210226,101836,96465,4843,0.04755685612160729,0.9472583369338937,0.04780471433647886,0.9521952856635212
20210227,101878,96520,4843,0.047537250436796956,0.9474076837001119,0.04777877529275969,0.9522212247072404
20210228,101920,96565,4844,0.047527472527472525,0.9474587912087912,0.04776696348450335,0.9522330365154966
20210301,101945,96597,4845,0.04752562656334298,0.9475403403796164,0.04776128230910274,0.9522387176908973
20210302,101968,96637,4845,0.04751490663737643,0.947718892201475,0.04774245679036677,0.9522575432096332
20210303,101995,96678,4845,0.04750232854551694,0.9478699936271386,0.047723176029077156,0.9522768239709228
20210304,102015,96703,4846,0.04750281821300789,0.9479292260942018,0.047720804734660116,0.9522791952653399
20210305,102034,96729,4846,0.0474939725973695,0.9480075269027971,0.04770858971203544,0.9522914102879646
20210306,102064,96764,4848,0.04749960808904217,0.9480717980874745,0.04771090028736764,0.9522890997126323
20210307,102082,96772,4848,0.047491232538547444,0.947982994063596,0.047707144262940364,0.9522928557370597
20210308,102125,96797,4848,0.04747123623011016,0.9478286413708691,0.0476954104973191,0.9523045895026809
20210309,102160,96844,4849,0.04746476115896633,0.94796397807361,0.047682731358107244,0.9523172686418927
20210310,102172,96854,4849,0.04745918646987433,0.9479505148181497,0.047678042928920486,0.9523219570710795
20210311,102203,96881,4849,0.04744479124878918,0.947927164564641,0.04766538877420623,0.9523346112257938
20210312,102323,96937,4849,0.04738915004446703,0.9473627630151579,0.04763916452164345,0.9523608354783566
20210313,102333,96945,4849,0.04738451916781488,0.9473483626982498,0.04763542055523901,0.9523645794447609
20210314,102363,96984,4849,0.047370631966628565,0.947451715952053,0.04761717714296937,0.9523828228570306
20210315,102429,97010,4849,0.04734010875826182,0.9470950609690615,0.047605022629320926,0.9523949773706791
20210316,102433,97037,4849,0.047338260131012465,0.9473216639169018,0.04759240720020415,0.9524075927997958
20210317,102450,97078,4849,0.047330405075646655,0.9475646656905807,0.04757326321779313,0.9524267367822069
20210318,102479,97111,4849,0.04731701129011798,0.9476185364806449,0.04755786582973715,0.9524421341702628
20210319,102511,97133,4849,0.04730224073514062,0.9475373374564681,0.04754760644035222,0.9524523935596478
20210320,102532,97182,4849,0.04729255256895408,0.947821168025592,0.04752477188305515,0.9524752281169448
20210321,102539,97191,4849,0.04728932406206419,0.9478442348764861,0.047520580164641314,0.9524794198353587
20210322,102579,97272,4849,0.04727088390411293,0.9482642646155646,0.04748288794665152,0.9525171120533484
20210323,102589,97282,4850,0.047276023745235846,0.9482693076255739,0.04748756511181608,0.9525124348881839
20210324,102612,97314,4850,0.04726542704556972,0.9483686118582622,0.04747269096746408,0.9525273090325359
20210325,102635,97360,4850,0.047254835095240415,0.948604277293321,0.047451325701986104,0.9525486742980139
20210326,102672,97409,4851,0.04724754558204768,0.9487396758609943,0.047437903383532175,0.9525620966164678
20210327,102686,97429,4851,0.04724110394795785,0.9488050951444209,0.04742862729761439,0.9525713727023856
20210328,102686,97429,4851,0.04724110394795785,0.9488050951444209,0.04742862729761439,0.9525713727023856
20210329,102723,97494,4851,0.047224088081539675,0.9490961128471715,0.047398505056426794,0.9526014949435732
20210330,102734,97498,4851,0.047219031674031964,0.9490334261296163,0.0473966526297277,0.9526033473702723
20210331,102762,97517,4851,0.04720616570327553,0.9489597321967265,0.04738785557986871,0.9526121444201313
20210401,102789,97539,4851,0.0471937658698888,0.9489244958118087,0.04737767360093759,0.9526223263990624
20210402,102812,97557,4851,0.04718320818581489,0.9488872894214683,0.04736934614483244,0.9526306538551675
20210403,102867,97597,4851,0.04715798069351687,0.948768798545695,0.0473508511635171,0.9526491488364829
20210404,102908,97616,4851,0.04713919228825747,0.9485754265946282,0.047342071105819436,0.9526579288941806
20210405,102949,97644,4851,0.04712041884816754,0.9484696305937892,0.04732913800673204,0.952670861993268
20210406,102970,97662,4851,0.04711080897348743,0.9484510051471302,0.04732082760235287,0.9526791723976471
20210407,103003,97682,4851,0.04709571565876722,0.9483413104472685,0.047311597241863595,0.9526884027581364
20210408,103034,97698,4851,0.04708154589747074,0.9482112700661918,0.04730421554573911,0.9526957844542608
20210409,103066,97729,4853,0.04708633302932102,0.9482176469446763,0.04730849466768049,0.9526915053323195
20210410,103083,97747,4853,0.047078567756080054,0.9482358875857319,0.04730019493177388,0.9526998050682262
20210411,103113,97769,4854,0.04707456867708242,0.9481733632034758,0.04729933835494967,0.9527006616450503
20210412,103136,97792,4854,0.047064070741545144,0.9481849208811666,0.04728873994115699,0.952711260058843
20210413,103165,97812,4855,0.047060534095865844,0.9481122473707169,0.04728880750387174,0.9527111924961282
20210414,103185,97837,4856,0.047061103842612785,0.9481707612540582,0.04728657259988509,0.9527134274001149
20210415,103203,97855,4856,0.047052895749154576,0.9481798009747778,0.047278285675341494,0.9527217143246585
20210416,103237,97868,4856,0.04703739938200451,0.9479934519600531,0.04727230248043301,0.952727697519567
20210417,103273,97885,4856,0.04702100258538049,0.947827602567951,0.04726448058710739,0.9527355194128926
20210418,103330,97912,4856,0.04699506435691474,0.9475660505177587,0.04725206289895687,0.9527479371010431
20210419,103340,97925,4856,0.04699051674085543,0.9476001548287207,0.04724608633891478,0.9527539136610852
20210420,103371,97969,4856,0.046976424722601114,0.9477416296640256,0.047225869195234624,0.9527741308047654
20210421,103382,97992,4856,0.04697142636048829,0.9478632643980577,0.047215308027380214,0.9527846919726198
20210422,103419,98026,4856,0.04695462149121535,0.9478529090399249,0.04719970451585311,0.9528002954841469
20210423,103432,98038,4856,0.04694871993193596,0.9478497950344188,0.047194199856162654,0.9528058001438373
20210424,103464,98074,4857,0.04694386453259105,0.9479045851697209,0.04718695048139045,0.9528130495186096
20210425,103484,98096,4857,0.046934791851880486,0.9479339801321943,0.04717686711412004,0.9528231328858799
20210426,103517,98132,4857,0.04691982959320691,0.9479795589130288,0.047160376350872425,0.9528396236491276
20210427,103529,98143,4857,0.04691439113678293,0.9479759294497194,0.047155339805825244,0.9528446601941748
20210428,103562,98170,4857,0.046899441880226336,0.9479345705953921,0.04714298193677385,0.9528570180632261
20210429,103595,98192,4857,0.046884502147787055,0.9478449732129929,0.04713291734999855,0.9528670826500014
20210430,103634,98242,4857,0.04686685836694521,0.9479707431923886,0.047110059263426415,0.9528899407365736
20210501,103649,98252,4858,0.046869723779293576,0.9479300330924563,0.04711473183978276,0.9528852681602172
20210502,103667,98278,4858,0.046861585654065424,0.9480162443207578,0.047102854483400555,0.9528971455165994
20210503,103702,98309,4858,0.04684576960907215,0.9479952170642804,0.04708870084426221,0.9529112991557378
20210504,103713,98326,4858,0.04684080105676241,0.9480585847482957,0.04708094278182664,0.9529190572181734
20210505,103731,98354,4858,0.046832672971435736,0.948164001118277,0.04706817036778669,0.9529318296322133
20210506,103767,98386,4858,0.046816425260439255,0.9481434367380767,0.047053581806206654,0.9529464181937933
20210507,103784,98418,4858,0.04680875664842365,0.948296461882371,0.04703900228513885,0.9529609977148612
20210508,103796,98430,4858,0.04680334502292959,0.9483024394003623,0.0470335372937805,0.9529664627062195
20210509,103809,98457,4858,0.04679748384051479,0.9484437765511661,0.04702124570488313,0.9529787542951169
20210510,103854,98479,4858,0.0467772064629191,0.9482446511448764,0.04701123508520665,0.9529887649147933
20210511,103893,98501,4858,0.04675964694445246,0.9481004495009289,0.04700122872705812,0.9529987712729419
20210512,103902,98517,4858,0.04675559661989182,0.9481723162210545,0.04699395405078597,0.953006045949214
20210513,103938,98540,4858,0.046739402336008005,0.9480651927110393,0.04698350064798158,0.9530164993520184
20210514,104174,98584,4858,0.04663351700040317,0.9463397776796514,0.04696351578662439,0.9530364842133756
20210515,104192,98601,4858,0.04662546068796069,0.9463394502457002,0.04695579891551242,0.9530442010844876
20210516,104427,98626,4858,0.04652053587673686,0.9444492324781905,0.04694445518147733,0.9530555448185226
20210517,105030,98663,4860,0.04627249357326478,0.9393792249833381,0.046946089274847135,0.9530539107251529
20210518,105316,98681,4860,0.046146834289186825,0.9369991264385279,0.046937927970562385,0.9530620720294376
20210519,105330,98699,4860,0.04614070065508402,0.9370454761226621,0.04692976950337489,0.9530702304966251
20210520,105647,98716,4861,0.046011718269330884,0.9343947296184464,0.04693126852486556,0.9530687314751345
20210521,106696,98736,4861,0.04555934617980056,0.925395516233036,0.04692220817205132,0.9530777918279487
20210522,106715,98741,4863,0.045569976104577616,0.9252776085836105,0.046938342148951775,0.9530616578510482
20210523,107791,98755,4875,0.04522641036821256,0.9161711089051962,0.047042362250313614,0.9529576377496863
20210524,108348,98779,4881,0.045049285635175546,0.9116827260309374,0.04708662936523249,0.9529133706347676
20210525,108997,98796,4892,0.04488196922851088,0.9064102681725185,0.04718000154309081,0.9528199984569092
20210526,109016,98809,4892,0.04487414691421443,0.9063715417920305,0.04717408703869779,0.9528259129613023
20210527,109693,98827,4905,0.04471570656286181,0.9009417191616602,0.04728531215054178,0.9527146878494582
20210528,110755,98846,4945,0.04464809715137014,0.8924743803891472,0.0476438226821208,0.9523561773178792
20210529,110766,98860,4945,0.04464366321795497,0.8925121427152737,0.04763739704253167,0.9523626029574683
20210530,111147,98878,4955,0.04458060046604947,0.8896146544666073,0.0477208594570127,0.9522791405429873
20210531,111863,98891,4983,0.04454556019416608,0.8840367234921288,0.04797158095384793,0.9520284190461521
20210601,112434,98905,4995,0.04442606329046374,0.8796716295782414,0.04807507218479307,0.9519249278152069
20210602,112458,98916,4995,0.04441658219068452,0.8795817105052552,0.04806998296619222,0.9519300170338078
20210603,113068,98932,5012,0.044327307460996924,0.8749778894116814,0.04821827137689525,0.9517817286231047
20210604,114076,98944,5070,0.04444405484063256,0.8673515901679582,0.048743438383294556,0.9512565616167055
20210605,114106,98972,5070,0.04443236990167038,0.8673689376544617,0.048730320447511584,0.9512696795524884
20210606,114474,98993,5106,0.044604014885476176,0.8647640512256058,0.049049462530860045,0.9509505374691399
20210607,114913,99020,5154,0.04485132230470008,0.8616953695404349,0.049474916965845606,0.9505250830341544
20210608,114929,99032,5154,0.04484507826571187,0.8616798197147805,0.04946921851304398,0.950530781486956
20210609,115229,99051,5179,0.04494528287149936,0.8596013156410278,0.04968818958073491,0.950311810419265
20210610,115507,99066,5207,0.045079518990191074,0.8576623061805778,0.04993622510141647,0.9500637748985835
20210611,115820,99084,5231,0.04516491106890002,0.8554999136591263,0.05014619182284427,0.9498538081771557
20210612,116103,99107,5257,0.045278761100057706,0.8536127404115311,0.05037177570809858,0.9496282242919014
20210613,116301,99121,5283,0.045425232801093715,0.8522798600184005,0.05060150952070802,0.949398490479292
20210614,116644,99131,5306,0.04548883783135009,0.849859401255101,0.05080574892040177,0.9491942510795982
20210615,116665,99140,5306,0.04548064972356748,0.8497835683366906,0.05080137104340999,0.94919862895659
20210616,116853,99160,5324,0.04556151746211051,0.8485875416121109,0.050955170169595346,0.9490448298304046
20210617,117051,99174,5343,0.04564676935694697,0.8472717020785812,0.051120870289043885,0.9488791297109561
20210618,117462,99205,5384,0.045836100185591935,0.8445710101990431,0.05147768885829294,0.948522311141707
20210619,117421,99227,5384,0.045852104819410495,0.8450532698580322,0.051466862949403024,0.9485331370505969
20210620,117548,99237,5395,0.04589614455371423,0.8442253377343724,0.051561663735759614,0.9484383362642403
20210621,117733,105671,5415,0.045993901454987135,0.897547841301929,0.04874601659975154,0.9512539834002485
20210622,117759,106247,5421,0.046034697984867395,0.9022410176716854,0.04854568900669843,0.9514543109933016
20210623,117880,107240,5445,0.04619104173736003,0.9097387173396675,0.04832053955717265,0.9516794604428274
20210624,118040,107517,5451,0.046179261267366996,0.9108522534733988,0.04825260250690461,0.9517473974930953
20210625,118227,107928,5470,0.04626692718245409,0.9128879190032734,0.04823718231362105,0.9517628176863789
20210626,118241,108211,5470,0.046261449074348156,0.915173247858188,0.048117099603275836,0.9518829003967242
20210627,118357,107965,5478,0.04628370100627762,0.9121978421217165,0.04828856782701445,0.9517114321729856
20210628,118494,108257,5489,0.04632302057488143,0.9136074400391581,0.04825664199180631,0.9517433580081937
20210629,118503,108437,5490,0.04632794106478317,0.915057002776301,0.048188752446742214,0.9518112475532577
20210630,118573,108577,5495,0.046342759312828385,0.9156975028041797,0.048171330387825236,0.9518286696121747
20210701,118713,108708,5523,0.046523969573677694,0.9157211088928761,0.048349397273944904,0.9516506027260551
20210702,118817,108779,5533,0.046567410387402475,0.9155171398032268,0.04840261739799846,0.9515973826020016
20210703,118832,109000,5533,0.04656153224720614,0.9172613437457924,0.04830922092322737,0.9516907790767727
20210704,118896,109340,5535,0.0465532902704885,0.9196272372493608,0.04818280739934712,0.9518171926006529
20210705,118979,109683,5554,0.04668050664402962,0.9218685650408895,0.04819632583284882,0.9518036741671512
20210706,119036,109705,5554,0.04665815383581438,0.9216119493262542,0.04818712638492439,0.9518128736150756
20210707,119094,109831,5563,0.046711001393856956,0.9222211026584043,0.04820874568868399,0.9517912543113161
20210708,119141,110033,5566,0.046717754593297016,0.9235527652109685,0.04814920544295366,0.9518507945570464
20210709,119238,110288,5584,0.04683070833123669,0.9249400358945974,0.04819110742888705,0.951808892571113
20210710,119262,110311,5584,0.046821284231356175,0.9249467558820077,0.04818154363863842,0.9518184563613615
20210711,119321,110432,5588,0.046831655785653827,0.9255034738227135,0.04816410963626961,0.9518358903637304
20210712,119404,110552,5595,0.04685772670932297,0.9258651301463937,0.048171713432116195,0.9518282865678838
20210713,119428,110568,5595,0.04684831027899655,0.9258130421676659,0.04816507838124015,0.9518349216187598
20210714,119485,110656,5601,0.04687617692597397,0.9261078796501653,0.04817774413583698,0.951822255864163
20210715,119539,110789,5607,0.0469051941207472,0.92680213152193,0.04817175847967284,0.9518282415203272
20210716,119614,110942,5612,0.04691758489808885,0.9275001254033809,0.04814935566346929,0.9518506443365307
20210717,119647,110969,5612,0.04690464449589208,0.9274699741740287,0.048138204338614356,0.9518617956613856
20210718,119719,111045,5617,0.04691820011861108,0.9275470059054953,0.048147640191321936,0.9518523598086781
20210719,119816,111146,5621,0.046913600854643786,0.927639046538025,0.04813860080330915,0.9518613991966909
20210720,119837,111212,5621,0.04690537980757195,0.9280272369969208,0.048111406879905505,0.9518885931200944
20210721,119918,111259,5626,0.04691539218465952,0.9277923247552494,0.048132780082987554,0.9518672199170124
20210722,120026,111401,5632,0.046923166647226434,0.9281405695432656,0.04812317893243786,0.9518768210675621
20210723,120061,111422,5632,0.046909487677097475,0.9280449105038272,0.04811454542347976,0.9518854545765202
20210724,120120,111489,5634,0.0469030969030969,0.9281468531468532,0.04810327604313414,0.9518967239568659
20210725,120224,111578,5634,0.04686252328985893,0.9280842427468725,0.04806675084462342,0.9519332491553766
20210726,120313,111659,5635,0.04683616899254445,0.9280709482765785,0.048041673060855626,0.9519583269391444
20210727,120399,111681,5635,0.04680271430825837,0.927590760720604,0.048032663916260356,0.9519673360837396
20210728,120491,111843,5635,0.04676697844652298,0.9282270045065607,0.04796642775668636,0.9520335722433136
20210729,120553,111864,5635,0.04674292634774747,0.9279238177399152,0.04795785496046775,0.9520421450395322
20210730,120635,111908,5635,0.04671115347950429,0.9276578107514403,0.047939902844065574,0.9520600971559344
20210731,120722,111975,5635,0.04667749043256407,0.9275442752770828,0.04791259246662699,0.9520874075333731
20210801,120837,112029,5637,0.04664961890811589,0.9271084187790164,0.047906787007291826,0.9520932129927082
20210802,120859,112034,5637,0.04664112726400185,0.9269810274783011,0.04790475138309354,0.9520952486169064
20210803,120973,112101,5639,0.04661370719086077,0.9266613211212419,0.0478936640054357,0.9521063359945643
20210804,121192,112229,5639,0.046529473892666186,0.9260429731335401,0.04784165337496182,0.9521583466250382
20210805,121316,112270,5639,0.04648191499884599,0.9254344027168716,0.047825017598317345,0.9521749824016826
20210806,121437,112325,5642,0.0464603045200392,0.9249652082973064,0.04782693465121602,0.952173065348784
20210807,121550,112391,5654,0.0465158371040724,0.924648292883587,0.04789698843661316,0.9521030115633868
20210808,121684,112432,5657,0.04648926728246935,0.9239669964826929,0.04790454657080676,0.9520954534291932
20210809,121837,112503,5661,0.04646371791820219,0.923389446555644,0.047907992281913274,0.9520920077180868
20210810,121960,112538,5662,0.0464250573958675,0.9227451623483109,0.04790186125211506,0.952098138747885
20210811,122069,112592,5665,0.0464081789807404,0.9223635812532256,0.04790414098108357,0.9520958590189165
20210812,122168,112644,5665,0.046370571671796215,0.9220417785344771,0.04788308581764701,0.952116914182353
20210813,122189,112665,5667,0.046378970283740766,0.9220551768162437,0.04789068045837136,0.9521093195416286
20210814,122317,112797,5669,0.04634678744573526,0.9221694449667667,0.04785339253456688,0.9521466074654331
20210815,122378,112827,5669,0.04632368562977006,0.9219549265390838,0.04784127734269511,0.9521587226573048
20210816,122433,112884,5669,0.04630287585863289,0.9220063218249982,0.047818275370509394,0.9521817246294906
20210817,122454,112902,5669,0.046294935240988454,0.9219951981968739,0.04781101618439585,0.9521889838156041
20210818,122554,113402,5674,0.046297958450968554,0.9253227148848671,0.04765024018274044,0.9523497598172596
20210819,122586,113486,5674,0.046285872775031406,0.9257664007309154,0.04761664988251091,0.9523833501174891
20210820,122617,113540,5675,0.04628232626797263,0.9259727443992268,0.04760307008346265,0.9523969299165373
20210821,122662,113641,5676,0.04627349953530841,0.9264564412776572,0.047570756891306354,0.9524292431086937
20210822,122698,113718,5676,0.04625992273712693,0.9268121729775547,0.04754007739082366,0.9524599226091763
20210823,122709,113739,5676,0.04625577585996137,0.9269002273671858,0.047531717120964705,0.9524682828790353
20210824,122777,113935,5677,0.04623830196209388,0.9279832541925604,0.04746179313112397,0.952538206868876
20210825,122820,114064,5680,0.046246539651522554,0.928708679368181,0.04743452699091395,0.952565473009086
20210826,122852,114169,5680,0.04623449353693876,0.9293214599680917,0.04739296948660398,0.952607030513396
20210827,122897,114301,5681,0.04622570119693727,0.930055249517889,0.04734876898201397,0.952651231017986
20210828,122942,114428,5681,0.04620878137658408,0.9307478323111711,0.04729870367749294,0.9527012963225071
20210829,122995,114534,5682,0.04619699987804382,0.9312085857148664,0.04726492313835097,0.952735076861649
